link_url,link_date
http://gen-eff.net/story/45534/,21/08/2020
http://ttlink.com/notice/57431398,21/08/2020
http://www.folkd.com/detail/%2Fsynergic.gr%2Fweb%2Fsynergic-software%2Feshop-design-development,21/08/2020
https://www.pearltrees.com/visionwebppc2019#item315486058,21/08/2020
https://www.diigo.com/user/emergart2?query=%40www.bijoypalmemorialbedcollege.org,21/08/2020
https://www.scoop.it/topic/website-design-by-kraindm/p/4120384550/2020/08/21/eshop-online,21/08/2020
https://app.getpocket.com/read/3087134971,21/08/2020
https://www.instapaper.com/read/1335311709,21/08/2020
http://affiliated-business.com/search.php?search=https:/synergic.gr/web/synergic-software/eshop-design-development,24/08/2020
https://www.instapaper.com/read/1336037075,24/08/2020
https://www.pearltrees.com/riyaganguly#item315627244,24/08/2020
https://www.diigo.com/user/davidd88?query=%40synergic.gr,24/08/2020
http://www.webseo.seosocialnews.net/story.php?title=kataskeyi-eshop-grigora-kai-aksiopista,24/08/2020
http://www.seoshop.seosocialnews.net/story.php?title=kataskeyi-eshop-grigora-kai-aksiopista,24/08/2020
http://www.seoart.seosocialnews.net/story.php?title=kataskeyi-eshop-grigora-kai-aksiopista,24/08/2020
http://www.seonet.seosocialnews.net/story.php?title=kataskeyi-eshop-grigora-kai-aksiopista,24/08/2020
http://www.seonews.seosocialnews.net/story.php?title=dimioyrgia-eshop-ti-xreiazetai-gia-na-ksekiniso-poliseis-online,25/08/2020
http://www.seoteam.seosocialnews.net/story.php?title=dimioyrgia-eshop-ti-xreiazetai-gia-na-ksekiniso-poliseis-online,25/08/2020
http://www.seodigital.seosocialnews.net/story.php?title=dimioyrgia-eshop-ti-xreiazetai-gia-na-ksekiniso-poliseis-online,25/08/2020
http://www.greenseo.seosocialnews.net/story.php?title=dimioyrgia-eshop-ti-xreiazetai-gia-na-ksekiniso-poliseis-online,25/08/2020
http://www.smartseo.seosocialnews.net/story.php?title=dimioyrgia-eshop-ti-xreiazetai-gia-na-ksekiniso-poliseis-online,25/08/2020
http://boost.clubbookmark.xyz/story.php?title=kataskeyi-eshop-kai-etoima-paketa-se-apisteytes-times,26/08/2020
http://bone.clubbookmark.xyz/story.php?title=kataskeyi-eshop-kai-etoima-paketa-se-apisteytes-times,26/08/2020
http://bots.clubbookmark.xyz/story.php?title=kataskeyi-eshop-kai-etoima-paketa-se-apisteytes-times,26/08/2020
http://cloud.seooptions.ml/story.php?title=kataskeyi-eshop-kai-etoima-paketa-se-apisteytes-times,26/08/2020
http://design.seooptions.ml/story.php?title=kataskeyi-eshop-kai-etoima-paketa-se-apisteytes-times,26/08/2020
http://data.seooptions.ml/story.php?title=kataskeyi-eshop-kai-etoima-paketa-se-apisteytes-times,26/08/2020
http://themark.addthismark.gq/story.php?title=kataskeyi-eshop-kai-etoima-paketa-se-apisteytes-times,27/08/2020
http://webmark.addthismark.gq/story.php?title=kataskeyi-eshop-kai-etoima-paketa-se-apisteytes-times,27/08/2020
http://shopmark.addthismark.gq/story.php?title=kataskeyi-eshop-kai-etoima-paketa-se-apisteytes-times,27/08/2020
http://getmark.addthismark.gq/story.php?title=kataskeyi-eshop-kai-etoima-paketa-se-apisteytes-times,27/08/2020
http://techmark.addthismark.gq/story.php?title=kataskeyi-eshop-kai-etoima-paketa-se-apisteytes-times,27/08/2020
http://thevm.vmoptions.cf/story.php?title=kataskeyi-eshop-kai-etoima-paketa-se-apisteytes-times,27/08/2020
http://webvm.vmoptions.cf/story.php?title=kataskeyi-eshop-kai-etoima-paketa-se-apisteytes-times,27/08/2020
http://www.colleges.ipt.pw/News/sxediasmos-eshop-kataskeyi-ilektronikoy-katastimatos-%7C-synergic-software/,28/08/2020
http://www.universities.ipt.pw/News/sxediasmos-eshop-kataskeyi-ilektronikoy-katastimatos-%7C-synergic-software/,28/08/2020
http://www.consultants.ipt.pw/News/sxediasmos-eshop-kataskeyi-ilektronikoy-katastimatos-%7C-synergic-software/,28/08/2020
http://www.events.ipt.pw/News/sxediasmos-eshop-kataskeyi-ilektronikoy-katastimatos-%7C-synergic-software/,28/08/2020
http://www.instruments.ipt.pw/News/sxediasmos-eshop-kataskeyi-ilektronikoy-katastimatos-%7C-synergic-software/,28/08/2020
http://www.advices.ipt.pw/News/sxediasmos-eshop-kataskeyi-ilektronikoy-katastimatos-%7C-synergic-software/,28/08/2020
http://www.blogs.ipt.pw/News/sxediasmos-eshop-kataskeyi-ilektronikoy-katastimatos-%7C-synergic-software/,28/08/2020
http://seosocialnews.net/story.php?title=sxediasmos-eshop-kataskeyi-ilektronikoy-katastimatos-,31/08/2020
http://seoreviews.gq/story.php?title=sxediasmos-eshop-kataskeyi-ilektronikoy-katastimatos-,31/08/2020
http://digitalvm.vmoptions.cf/story.php?title=sxediasmos-eshop-kataskeyi-ilektronikoy-katastimatos-,31/08/2020
http://highseoonline.ga/story.php?title=sxediasmos-eshop-kataskeyi-ilektronikoy-katastimatos-,31/08/2020
http://addthismark.gq/story.php?title=sxediasmos-eshop-kataskeyi-ilektronikoy-katastimatos-,31/08/2020
http://www.galf.ipt.pw/News/sxediasmos-eshop-kataskeyi-ilektronikoy-katastimatos-%7C-synergic-software/,1/9/2020
http://www.recreation.ipt.pw/News/sxediasmos-eshop-kataskeyi-ilektronikoy-katastimatos-%7C-synergic-software/,1/9/2020
http://www.literacy.ipt.pw/News/sxediasmos-eshop-kataskeyi-ilektronikoy-katastimatos-%7C-synergic-software/,1/9/2020
http://www.commit.ipt.pw/News/sxediasmos-eshop-kataskeyi-ilektronikoy-katastimatos-%7C-synergic-software/,1/9/2020
http://www.circumstances.ipt.pw/News/sxediasmos-eshop-kataskeyi-ilektronikoy-katastimatos-%7C-synergic-software/,1/9/2020
http://www.contract.ipt.pw/News/sxediasmos-eshop-kataskeyi-ilektronikoy-katastimatos-%7C-synergic-software/,1/9/2020
http://www.journals.ipt.pw/News/sxediasmos-eshop-kataskeyi-ilektronikoy-katastimatos-%7C-synergic-software/,2/9/2020
http://www.vilas.ipt.pw/News/sxediasmos-eshop-kataskeyi-ilektronikoy-katastimatos-%7C-synergic-software/,2/9/2020
http://www.flights.ipt.pw/News/sxediasmos-eshop-kataskeyi-ilektronikoy-katastimatos-%7C-synergic-software/,2/9/2020
http://www.destinations.ipt.pw/News/sxediasmos-eshop-kataskeyi-ilektronikoy-katastimatos-%7C-synergic-software/,2/9/2020
http://www.magazines.ipt.pw/News/sxediasmos-eshop-kataskeyi-ilektronikoy-katastimatos-%7C-synergic-software/,2/9/2020
http://www.recreation.ipt.pw/search/https%3A%7C%7Csynergic.gr%7Cweb%7Csynergic-software%7Ceshop-design-development/,2/9/2020
http://www.commit.ipt.pw/search/https%3A%7C%7Csynergic.gr%7Cweb%7Csynergic-software%7Ceshop-design-development/,2/9/2020
https://www.aboogy.com/#Bookmark/Details/5861519,3/9/2020
http://jodohkita.info/story/62077/,3/9/2020
https://tracky.com/1009359,3/9/2020
https://www.xing.com/home/stories/4727656594,3/9/2020
https://www.reddit.com/r/news/comments/ilc1j8/%CF%83%CF%87%CE%B5%CE%B4%CE%B9%CE%B1%CF%83%CE%BC%CF%8C%CF%82_eshop_%CE%BA%CE%B1%CF%84%CE%B1%CF%83%CE%BA%CE%B5%CF%85%CE%AE_%CE%B7%CE%BB%CE%B5%CE%BA%CF%84%CF%81%CE%BF%CE%BD%CE%B9%CE%BA%CE%BF%CF%8D/,3/9/2020
https://tomek3242354.hatenablog.com/entry/2020/09/03/024654,3/9/2020
http://timepa.com/news/kataskeyi-kai-sxediasmos-eshop-me-wordpress-kai-prestashop/#discuss,4/9/2020
http://dictaf.net/story/51613/,4/9/2020
http://www.ihaan.org/story/63975/,4/9/2020
https://riyaganguly.doodlekit.com/blog/entry/10550418/-eshop,4/9/2020
http://juttiesk.info/story.php?title=sxediasmos-eshop-kataskeyi-ilektronikoy-katastimatos-%7C-synergic-software,4/9/2020
http://www.engage.ipt.pw/News/sxediasmos-eshop-kataskeyi-ilektronikoy-katastimatos-%7C-synergic-software/,4/9/2020
http://www.video-bookmark.com/bookmark/4159042/%CE%A3%CF%87%CE%B5%CE%B4%CE%B9%CE%B1%CF%83%CE%BC%CF%8C%CF%82-%CE%BA%CE%B1%CE%B9-%CE%BA%CE%B1%CF%84%CE%B1%CF%83%CE%BA%CE%B5%CF%85%CE%AE-%CE%B7%CE%BB%CE%B5%CE%BA%CF%84%CF%81%CE%BF%CE%BD%CE%B9%CE%BA%CE%BF%CF%8D-%CE%BA%CE%B1%CF%84%CE%B1%CF%83%CF%84%CE%AE%CE%BC%CE%B1%CF%84%CE%BF%CF%82-%CE%BC%CE%B5-%CF%84%CE%B9%CF%82-%CF%80%CE%B9%CE%BF-%CF%83%CF%8D/,7/9/2020
http://www.todays1051.net/story/72749/,7/9/2020
https://www.pearltrees.com/visionwebppc2019#item317795582,7/9/2020
http://www.autozone.sbm.pw/News/sxediasmos-eshop-kataskeyi-ilektronikoy-katastimatos-%7C-synergic-software/,7/9/2020
http://www.glass.sbm.pw/News/sxediasmos-eshop-kataskeyi-ilektronikoy-katastimatos-%7C-synergic-software/,7/9/2020
http://www.webcrawler.sbm.pw/News/sxediasmos-eshop-kataskeyi-ilektronikoy-katastimatos-%7C-synergic-software/,7/9/2020
https://synergicgr.blogspot.com/2020/09/eshop.html,7/9/2020
https://topbitcoinminer.wordpress.com/2020/09/07/%ce%ba%ce%b1%cf%84%ce%b1%cf%83%ce%ba%ce%b5%cf%85%ce%ae-eshop-%ce%bd%ce%bf%ce%bc%ce%b9%ce%ba%ce%ac-%ce%b8%ce%ad%ce%bc%ce%b1%cf%84%ce%b1-%ce%ba%ce%b1%ce%b9-%ce%b7-%cf%83%ce%b7%ce%bc%ce%b1%cf%83%ce%af/,7/9/2020
https://justpaste.it/9f3nn,7/9/2020
https://tomek3242354.hatenablog.com/entry/2020/09/08/013928,7/9/2020
https://tomek3242354.hatenablog.com/entry/2020/09/07/181640,8/9/2020
https://justpaste.it/354af,8/9/2020
https://www.instapaper.com/read/1335311709,8/9/2020
http://sqworl.com/o4zu7v,8/9/2020
http://www.4mark.net/story/2457238/%cf%83%cf%87%ce%b5%ce%b4%ce%b9%ce%b1%cf%83%ce%bc%cf%8c%cf%82-eshop-%ce%ba%ce%b1%cf%84%ce%b1%cf%83%ce%ba%ce%b5%cf%85%ce%ae-%ce%b7%ce%bb%ce%b5%ce%ba%cf%84%cf%81%ce%bf%ce%bd%ce%b9%ce%ba%ce%bf%cf%8d-%ce%ba%ce%b1%cf%84%ce%b1%cf%83%cf%84%ce%ae%ce%bc%ce%b1%cf%84%ce%bf%cf%82-synergic-software,8/9/2020
https://www.diigo.com/user/emergart2?query=%40synergic.gr,8/9/2020
http://www.admin.sbm.pw/search/https%3A%7C%7Csynergic.gr%7Cweb%7Csynergic-software%7Ceshop-design-development/,9/9/2020
http://www.gallery.sbm.pw/search/https%3A%7C%7Csynergic.gr%7Cweb%7Csynergic-software%7Ceshop-design-development/,9/9/2020
http://www.beach.sbm.pw/News/sxediasmos-eshop-kataskeyi-ilektronikoy-katastimatos-%7C-synergic-software/,9/9/2020
http://www.lipitor.ipt.pw/News/kataskeyi-sygxronoy-eshop-me-woocommerce-kai-wordpress/,9/9/2020
http://www.corolla.ipt.pw/News/kataskeyi-sygxronoy-eshop-me-woocommerce-kai-wordpress/,9/9/2020
http://www.wedges.ipt.pw/News/kataskeyi-sygxronoy-eshop-me-woocommerce-kai-wordpress/,9/9/2020
http://www.ballerinas.ipt.pw/News/kataskeyi-sygxronoy-eshop-me-woocommerce-kai-wordpress/,10/9/2020
http://www.slippers.ipt.pw/News/kataskeyi-sygxronoy-eshop-me-woocommerce-kai-wordpress/,10/9/2020
http://www.curtains.ipt.pw/News/kataskeyi-sygxronoy-eshop-me-woocommerce-kai-wordpress/,10/9/2020
http://www.cushion.ipt.pw/News/kataskeyi-sygxronoy-eshop-me-woocommerce-kai-wordpress/,10/9/2020
http://www.powertool.ipt.pw/News/kataskeyi-sygxronoy-eshop-me-woocommerce-kai-wordpress/,10/9/2020
http://www.playstation.ipt.pw/News/kataskeyi-sygxronoy-eshop-me-woocommerce-kai-wordpress/,10/9/2020
http://www.starwars.sbm.pw/News/kataskeyi-eshop-sxediasmos-ilektronikoy-katastimatos-%7C-synergic-software/,11/9/2020
http://www.reference.sbm.pw/News/kataskeyi-eshop-sxediasmos-ilektronikoy-katastimatos-%7C-synergic-software/,11/9/2020
http://www.wholesale.sbm.pw/News/kataskeyi-eshop-sxediasmos-ilektronikoy-katastimatos-%7C-synergic-software/,11/9/2020
http://www.exterior.sbm.pw/News/kataskeyi-eshop-sxediasmos-ilektronikoy-katastimatos-%7C-synergic-software/,11/9/2020
http://www.auctions.sbm.pw/News/kataskeyi-eshop-sxediasmos-ilektronikoy-katastimatos-%7C-synergic-software/,11/9/2020
http://www.puzzles.sbm.pw/News/kataskeyi-eshop-sxediasmos-ilektronikoy-katastimatos-%7C-synergic-software/,11/9/2020
http://www.curtains.sbm.pw/News/kataskeyi-eshop-sxediasmos-ilektronikoy-katastimatos-%7C-synergic-software/,11/9/2020
http://www.folkd.com/detail/%2Fsynergic.gr%2Fweb%2Fsynergic-software%2Feshop-design-development,14/09/2020
http://addthismark.gq/search.php?search=https:/synergic.gr/web/synergic-software/eshop-design-development,14/09/2020
http://highseoonline.ga/search.php?search=https:/synergic.gr/web/synergic-software/eshop-design-development,14/09/2020
http://ppcteam.highbookmarks.club/story.php?title=kataskeyi-sygxronoy-eshop-me-woocommerce-kai-wordpress,14/09/2020
http://ppcnet.highbookmarks.club/story.php?title=kataskeyi-sygxronoy-eshop-me-woocommerce-kai-wordpress,14/09/2020
https://www.diigo.com/user/emergart2?query=%40synergic.gr,14/09/2020
https://justpaste.it/7mdn3,15/09/2020
https://tomek3242354.hatenablog.com/entry/2020/09/15/190501,15/09/2020
https://cryptocoinminer800.tumblr.com/post/629317928016396288/%CE%BA%CE%B1%CF%84%CE%B1%CF%83%CE%BA%CE%B5%CF%85%CE%AE-eshop-%CE%BA%CE%B1%CE%B9-%CE%AD%CF%84%CE%BF%CE%B9%CE%BC%CE%B1-%CF%80%CE%B1%CE%BA%CE%AD%CF%84%CE%B1-%CF%83%CE%B5-%CE%B1%CF%80%CE%AF%CF%83%CF%84%CE%B5%CF%85%CF%84%CE%B5%CF%82,15/09/2020
https://www.instapaper.com/read/1335311709,15/09/2020
https://topbitcoinminer.wordpress.com/2020/09/15/%ce%ba%ce%b1%cf%84%ce%b1%cf%83%ce%ba%ce%b5%cf%85%ce%ae-eshop-%ce%ba%ce%b1%ce%b9-%ce%ad%cf%84%ce%bf%ce%b9%ce%bc%ce%b1-%cf%80%ce%b1%ce%ba%ce%ad%cf%84%ce%b1-%cf%83%ce%b5-%ce%b1%cf%80%ce%af%cf%83%cf%84/,15/09/2020
https://synergicgr.blogspot.com/2020/09/eshop-wordpress-prestashop.html,16/09/2020
https://jackwilliams88.livejournal.com/360.html,16/09/2020
https://500px.com/photo/1021885430/%CE%BA%CE%B1%CF%84%CE%B1%CF%83%CE%BA%CE%B5%CF%85%CE%AE-eshop-by-cryptocoinminer-cryptocoinminer/,16/09/2020
https://weheartit.com/entry/348718283,16/09/2020
https://www.xing.com/home/stories/4765128212,16/09/2020
https://imageevent.com/cryptocoinminer/eshop?n=0,17/09/2020
http://mysp.ac/4fWJH,17/09/2020
https://postimg.cc/jW70F0Gc,17/09/2020
https://myphoto.eu/cryptocoinminer/photo/432726/11.png,17/09/2020
https://www.yogile.com/zcjvaieuo8g#41m,17/09/2020
http://www.4mark.net/story/2519044/%ce%ba%ce%b1%cf%84%ce%b1%cf%83%ce%ba%ce%b5%cf%85%ce%ae-eshop-%cf%83%cf%87%ce%b5%ce%b4%ce%b9%ce%b1%cf%83%ce%bc%cf%8c%cf%82-%ce%b7%ce%bb%ce%b5%ce%ba%cf%84%cf%81%ce%bf%ce%bd%ce%b9%ce%ba%ce%bf%cf%8d-k%ce%b1%cf%84%ce%b1%cf%83%cf%84%ce%ae%ce%bc%ce%b1%cf%84%ce%bf%cf%82-synergic-software,18/09/2020
https://yoomark.com/content/kataskeyi-eshop-shediasmos-ilektronikoy-katastimatos-synergic-software,18/09/2020
https://cryptocoinminer800.tumblr.com/post/629593308812967936/%CE%BA%CE%B1%CF%84%CE%B1%CF%83%CE%BA%CE%B5%CF%85%CE%AE-eshop-%CF%83%CF%87%CE%B5%CE%B4%CE%B9%CE%B1%CF%83%CE%BC%CF%8C%CF%82-%CE%B7%CE%BB%CE%B5%CE%BA%CF%84%CF%81%CE%BF%CE%BD%CE%B9%CE%BA%CE%BF%CF%8D,18/09/2020
http://aixindashi.org/story/145905/,18/09/2020
http://jofrati.net/story/113572/,18/09/2020
http://www.folkd.com/detail/%2Fsynergic.gr%2Fweb%2Fsynergic-software%2Feshop-design-development,18/09/2020
http://www.cushion.sbm.pw/News/kataskeyi-eshop-sxediasmos-ilektronikoy-katastimatos-%7C-synergic-software/,21/09/2020
http://www.reliance-market.sbm.pw/News/kataskeyi-eshop-sxediasmos-ilektronikoy-katastimatos-%7C-synergic-software/,21/09/2020
http://www.gaming.sbm.pw/News/kataskeyi-eshop-sxediasmos-ilektronikoy-katastimatos-%7C-synergic-software/,21/09/2020
http://www.playstation.sbm.pw/News/kataskeyi-eshop-sxediasmos-ilektronikoy-katastimatos-%7C-synergic-software/,21/09/2020
http://www.lipitor.sbm.pw/News/kataskeyi-eshop-sxediasmos-ilektronikoy-katastimatos-%7C-synergic-software/,21/09/2020
http://www.startaid.com/viewurl.php?link=https://synergic.gr/web/synergic-software/eshop-design-development&username=riyaganguly&urlid=31597928,22/09/2020
https://www.scoop.it/topic/free-lawn-mowing/p/4120906284/2020/09/22/eshop-k-synergic-software,22/09/2020
http://www.goldenmidas.net/story.php?title=kataskeyi-eshop-sxediasmos-ilektronikoy-katastimatos,22/09/2020
"http://www.video-bookmark.com/bookmark/4172921/%CE%9A%CE%B1%CF%84%CE%B1%CF%83%CE%BA%CE%B5%CF%85%CE%AE-eshop,-%CE%A3%CF%87%CE%B5%CE%B4%CE%B9%CE%B1%CF%83%CE%BC%CF%8C%CF%82-%CE%97%CE%BB%CE%B5%CE%BA%CF%84%CF%81%CE%BF%CE%BD%CE%B9%CE%BA%CE%BF%CF%8D-k%CE%B1%CF%84%CE%B1%CF%83%CF%84%CE%AE%CE%BC%CE%B1%CF%84%CE%BF%CF%82/",22/09/2020
http://www.akonter.com/story/kataskeyi-eshop-sxediasmos-ilektronikoy-katastimatos/,22/09/2020
http://mysp.ac/4fWJH,23/09/2020
https://weheartit.com/entry/348885451,23/09/2020
http://pacific.cityclassified.online/story.php?title=kataskeyi-eshop-sxediasmos-ilektronikoy-katastimatos-,23/09/2020
http://star.dealsclassified.online/story.php?title=kataskeyi-eshop-sxediasmos-ilektronikoy-katastimatos-,23/09/2020
http://easy.dealsclassified.online/story.php?title=kataskeyi-eshop-sxediasmos-ilektronikoy-katastimatos-,23/09/2020
https://www.instapaper.com/read/1344767285,24/09/2020
http://timepa.com/search/https%3A%7C%7Csynergic.gr%7Cweb%7Csynergic-software%7Ceshop-design-development/,24/09/2020
http://topseoonline.bookmarking.info/story.php?title=kataskeyi-eshop-sxediasmos-ilektronikoy-katastimatos-,24/09/2020
http://bestseoonline.bookmarking.info/story.php?title=kataskeyi-eshop-sxediasmos-ilektronikoy-katastimatos-,24/09/2020
http://computer.seosocialnews.info/story.php?title=kataskeyi-eshop-sxediasmos-ilektronikoy-katastimatos-,24/09/2020
http://digitalseo.seosocialnews.info/story.php?title=kataskeyi-eshop-sxediasmos-ilektronikoy-katastimatos-,24/09/2020
http://smoweb.samaysawara.in/story.php?title=kataskeyi-eshop-sxediasmos-ilektronikoy-katastimatos-,25/09/2020
http://theseo.samaysawara.in/story.php?title=kataskeyi-eshop-sxediasmos-ilektronikoy-katastimatos-,25/09/2020
http://10lance.com/story.php?title=kataskeyi-eshop-sxediasmos-ilektronikoy-katastimatos,25/09/2020
https://app.getpocket.com/read/3087134971,25/09/2020
https://www.pearltrees.com/iwanttomowyourlawnseo#item321862422,25/09/2020
http://www.folkd.com/detail/%2Fsynergic.gr%2Fweb%2Fsynergic-software%2Feshop-design-development,28/09/2020
http://mysp.ac/4fWJH,28/09/2020
https://www.aboogy.com/#Bookmark/Details/5861519,28/09/2020
https://www.pearltrees.com/iwanttomowyourlawnseo#item322239810,28/09/2020
https://app.getpocket.com/read/3087134971,28/09/2020
